days,accresp,resp,remains,Mt
0,0.04,0.04,100,0
1,0.54,0.5,,
2,1.47,0.93,83.75,0.177334015
3,2.22,0.76,,
4,2.95,0.73,75,0.287682072
5,3.76,0.81,,
6,4.52,0.76,56.25,0.575364145
7,5.32,0.81,,
8,6.23,0.91,45,0.798507696
9,6.98,0.76,,
10,7.59,0.6,,
11,8.09,0.5,,
12,8.39,0.3,17.5,1.742969305
14,8.62,0.23,,
16,8.82,0.2,13.75,1.984131362
18,8.89,0.07,,
20,8.99,0.1,,
22,8.99,0.02,,
23,,,10,2.302585093
24,9.01,0.02,,
28,9.04,0.02,,
30,,,10,2.302585093
32,9.03,0.02,,
37,9.03,0.02,6.25,2.772588722
